{"chunk_definitions":[{"row":35,"row_count":1,"visible":true,"expansion_state":0,"options":{"include":false,"engine":"r","label":"setup","message":false,"warning":false},"document_id":"A3072854","chunk_id":"csetup_chunk","chunk_label":"setup"},{"row":54,"row_count":1,"visible":true,"expansion_state":0,"options":{"engine":"r","label":"unnamed-chunk-27"},"document_id":"A3072854","chunk_id":"c8w8dzbedkwvv","chunk_label":"unnamed-chunk-1"},{"row":85,"row_count":1,"visible":true,"expansion_state":0,"options":{"engine":"r","label":"unnamed-chunk-28"},"document_id":"A3072854","chunk_id":"cjtj02yy1fvdy","chunk_label":"unnamed-chunk-2"},{"row":107,"row_count":1,"visible":true,"expansion_state":0,"options":{"engine":"r","label":"unnamed-chunk-29"},"document_id":"A3072854","chunk_id":"czm0kdg4jba2h","chunk_label":"unnamed-chunk-3"},{"row":130,"row_count":1,"visible":true,"expansion_state":0,"options":{"engine":"r","label":"unnamed-chunk-30"},"document_id":"A3072854","chunk_id":"c1klm9l79cxwo","chunk_label":"unnamed-chunk-4"}],"doc_write_time":1698937862,"working_dir":null,"default_chunk_options":{"echo":true,"message":false,"warning":false,"out.width":"100%"}}